Workbook

Sheet 2024 Scores
A1: Week 1 | B1: Winner Score | C1: Loser Score | D1: Week 2 | E1: Winner Score | F1: Loser Score | G1: Week 3 | H1: Winner Score | I1: Loser Score | J1: Week 4 | K1: Winner Score | L1: Loser Score | M1: Week 5 | N1: Winner Score | O1: Loser Score
A2: Matchup 1 | B2: 297.5 | C2: 262.2 | D2: Matchup 1 | E2: 465 | F2: 346.5 | G2: Matchup 1 | H2: 467 | I2: 304.5 | J2: Matchup 1 | K2: 541 | L2: 368 | M2: Matchup 1 | N2: 451.5 | O2: 391
A3: Matchup 2 | B3: 331.5 | C3: 238 | D3: Matchup 2 | E3: 492 | F3: 346 | G3: Matchup 2 | H3: 466.5 | I3: 454 | J3: Matchup 2 | K3: 411.5 | L3: 350.5 | M3: Matchup 2 | N3: 476.5 | O3: 428.5
A4: Matchup 3 | B4: 288.5 | C4: 262 | D4: Matchup 3 | E4: 377.5 | F4: 360.5 | G4: Matchup 3 | H4: 424.5 | I4: 338 | J4: Matchup 3 | K4: 426.5 | L4: 372 | M4: Matchup 3 | N4: 490 | O4: 308.5
A5: Matchup 4 | B5: 355 | C5: 312.5 | D5: Matchup 4 | E5: 384 | F5: 354.5 | G5: Matchup 4 | H5: 544 | I5: 533.5 | J5: Matchup 4 | K5: 418 | L5: 385 | M5: Matchup 4 | N5: 442.5 | O5: 367
A6: Matchup 5 | B6: 295.5 | C6: 284 | D6: Matchup 5 | E6: 382 | F6: 382 | G6: Matchup 5 | H6: 396 | I6: 304 | J6: Matchup 5 | K6: 480 | L6: 425.5 | M6: Matchup 5 | N6: 434.5 | O6: 369
A7: Matchup 6 | B7: 237.5 | C7: 171.5 | D7: Matchup 6 | E7: 510.5 | F7: 405 | G7: Matchup 6 | H7: 415 | I7: 405 | J7: Matchup 6 | K7: 451.5 | L7: 366.5 | M7: Matchup 6 | N7: 521 | O7: 469
A8: Average | B8: =SUBTOTAL(1,Table1[Winner Score]) -> 300.91667 | C8: =SUBTOTAL(1,Table1[Loser Score]) -> 255.03333 | D8: Average | E8: =SUBTOTAL(1,Table2[Winner Score]) -> 435.16667 | F8: =SUBTOTAL(1,Table2[Loser Score]) -> 365.75 | G8: Average | H8: =SUBTOTAL(1,Table3[Winner Score]) -> 452.16667 | I8: =SUBTOTAL(1,Table3[Loser Score]) -> 389.83333 | J8: Average | K8: =SUBTOTAL(1,Table4[Winner Score]) -> 454.75 | L8: =SUBTOTAL(1,Table4[Loser Score]) -> 377.91667 | M8: Average | N8: =SUBTOTAL(1,Table5[Winner Score]) -> 469.33333 | O8: =SUBTOTAL(1,Table5[Loser Score]) -> 388.83333
A9: Total | B9: =SUBTOTAL(9,Table1[Winner Score]) -> 1805.5 | C9: =SUBTOTAL(9,Table1[Loser Score]) -> 1530.2 | D9: Total | E9: =SUBTOTAL(9,Table2[Winner Score]) -> 2611 | F9: =SUBTOTAL(9,Table2[Loser Score]) -> 2194.5 | G9: Total | H9: =SUBTOTAL(9,Table3[Winner Score]) -> 2713 | I9: =SUBTOTAL(9,Table3[Loser Score]) -> 2339 | J9: Total | K9: =SUBTOTAL(9,Table4[Winner Score]) -> 2728.5 | L9: =SUBTOTAL(9,Table4[Loser Score]) -> 2267.5 | M9: Total | N9: =SUBTOTAL(9,Table5[Winner Score]) -> 2816 | O9: =SUBTOTAL(9,Table5[Loser Score]) -> 2333
A11: Week 6 | B11: Winner Score | C11: Loser Score | D11: Week 7 | E11: Winner Score | F11: Loser Score | G11: Week 8 | H11: Winner Score | I11: Loser Score | J11: Week 9 | K11: Winner Score | L11: Loser Score | M11: Week 10 | N11: Winner Score | O11: Loser Score
A12: Matchup 1 | B12: 366 | C12: 289 | D12: Matchup 1 | E12: 412.5 | F12: 354 | G12: Matchup 1 | H12: 339.5 | I12: 319 | J12: Matchup 1 | K12: 401 | L12: 392 | M12: Matchup 1 | N12: 434.5 | O12: 393
A13: Matchup 2 | B13: 438.5 | C13: 410 | D13: Matchup 2 | E13: 437 | F13: 408 | G13: Matchup 2 | H13: 450 | I13: 311.5 | J13: Matchup 2 | K13: 472 | L13: 462.5 | M13: Matchup 2 | N13: 388 | O13: 371.5
A14: Matchup 3 | B14: 413.5 | C14: 359.5 | D14: Matchup 3 | E14: 351 | F14: 343 | G14: Matchup 3 | H14: 373 | I14: 349 | J14: Matchup 3 | K14: 566 | L14: 299.5 | M14: Matchup 3 | N14: 449.5 | O14: 379
A15: Matchup 4 | B15: 475.5 | C15: 441.5 | D15: Matchup 4 | E15: 407 | F15: 350 | G15: Matchup 4 | H15: 527.5 | I15: 317.5 | J15: Matchup 4 | K15: 449.5 | L15: 395 | M15: Matchup 4 | N15: 472 | O15: 409.5
A16: Matchup 5 | B16: 494.5 | C16: 353.5 | D16: Matchup 5 | E16: 407.5 | F16: 406.5 | G16: Matchup 5 | H16: 495 | I16: 383 | J16: Matchup 5 | K16: 426.5 | L16: 317.5 | M16: Matchup 5 | N16: 476 | O16: 354.5
A17: Matchup 6 | B17: 468.5 | C17: 386.5 | D17: Matchup 6 | E17: 475.5 | F17: 370.5 | G17: Matchup 6 | H17: 424.5 | I17: 367.5 | J17: Matchup 6 | K17: 502 | L17: 420 | M17: Matchup 6 | N17: 455.5 | O17: 424
A18: Average | B18: =SUBTOTAL(1,Table6[Winner Score]) -> 442.75 | C18: =SUBTOTAL(1,Table6[Loser Score]) -> 373.33333 | D18: Average | E18: =SUBTOTAL(1,Table7[Winner Score]) -> 415.08333 | F18: =SUBTOTAL(1,Table7[Loser Score]) -> 372 | G18: Average | H18: =SUBTOTAL(1,Table8[Winner Score]) -> 434.91667 | I18: =SUBTOTAL(1,Table8[Loser Score]) -> 341.25 | J18: Average | K18: =SUBTOTAL(1,Table9[Winner Score]) -> 469.5 | L18: =SUBTOTAL(1,Table9[Loser Score]) -> 381.08333 | M18: Average | N18: =SUBTOTAL(1,Table412[Winner Score]) -> 445.91667 | O18: =SUBTOTAL(1,Table412[Loser Score]) -> 388.58333
A19: Total | B19: =SUBTOTAL(9,Table6[Winner Score]) -> 2656.5 | C19: =SUBTOTAL(9,Table6[Loser Score]) -> 2240 | D19: Total | E19: =SUBTOTAL(9,Table7[Winner Score]) -> 2490.5 | F19: =SUBTOTAL(9,Table7[Loser Score]) -> 2232 | G19: Total | H19: =SUBTOTAL(9,Table8[Winner Score]) -> 2609.5 | I19: =SUBTOTAL(9,Table8[Loser Score]) -> 2047.5 | J19: Total | K19: =SUBTOTAL(9,Table9[Winner Score]) -> 2817 | L19: =SUBTOTAL(9,Table9[Loser Score]) -> 2286.5 | M19: Total | N19: =SUBTOTAL(9,Table412[Winner Score]) -> 2675.5 | O19: =SUBTOTAL(9,Table412[Loser Score]) -> 2331.5
A21: Week 11 | B21: Winner Score | C21: Loser Score | D21: Week 12 | E21: Winner Score | F21: Loser Score | G21: Week 13 | H21: Winner Score | I21: Loser Score | J21: Week 14 | K21: Winner Score | L21: Loser Score | M21: Week 15 | N21: Winner Score | O21: Loser Score
A22: Matchup 1 | B22: 347 | C22: 338 | D22: Matchup 1 | E22: 443.5 | F22: 374 | G22: Matchup 1 | H22: 403 | I22: 334 | J22: Matchup 1 | K22: 475 | L22: 400 | M22: Matchup 1 | N22: 484.5 | O22: 343
A23: Matchup 2 | B23: 448.5 | C23: 444.5 | D23: Matchup 2 | E23: 466.5 | F23: 410.5 | G23: Matchup 2 | H23: 481.5 | I23: 366.5 | J23: Matchup 2 | K23: 446 | L23: 324 | M23: Matchup 2 | N23: 479 | O23: 275
A24: Matchup 3 | B24: 441.5 | C24: 411 | D24: Matchup 3 | E24: 401 | F24: 298.5 | G24: Matchup 3 | H24: 439 | I24: 240 | J24: Matchup 3 | K24: 591 | L24: 402.5 | M24: Matchup 3 | N24: 589 | O24: 434.5
A25: Matchup 4 | B25: 464 | C25: 328.5 | D25: Matchup 4 | E25: 453.5 | F25: 408 | G25: Matchup 4 | H25: 384 | I25: 333.5 | J25: Matchup 4 | K25: 391 | L25: 278 | M25: Matchup 4 | N25: 386 | O25: 322
A26: Matchup 5 | B26: 450 | C26: 415.5 | D26: Matchup 5 | E26: 443.5 | F26: 401.5 | G26: Matchup 5 | H26: 597.5 | I26: 369 | J26: Matchup 5 | K26: 458.5 | L26: 308 | M26: Matchup 5 | N26: 471.5 | O26: 418
A27: Matchup 6 | B27: 423.5 | C27: 319.5 | D27: Matchup 6 | E27: 369 | F27: 311.5 | G27: Matchup 6 | H27: 464.5 | I27: 380 | J27: Matchup 6 | K27: 495.5 | L27: 329.5 | M27: Matchup 6 | N27: 333 | O27: 272
A28: Average | B28: =SUBTOTAL(1,Table11[Winner Score]) -> 429.08333 | C28: =SUBTOTAL(1,Table11[Loser Score]) -> 376.16667 | D28: Average | E28: =SUBTOTAL(1,Table614[Winner Score]) -> 429.5 | F28: =SUBTOTAL(1,Table614[Loser Score]) -> 367.33333 | G28: Average | H28: =SUBTOTAL(1,Table13[Winner Score]) -> 461.58333 | I28: =SUBTOTAL(1,Table13[Loser Score]) -> 337.16667 | J28: Average | K28: =SUBTOTAL(1,Table14[Winner Score]) -> 476.16667 | L28: =SUBTOTAL(1,Table14[Loser Score]) -> 340.33333 | M28: Average | N28: =SUBTOTAL(1,Table15[Winner Score]) -> 457.16667 | O28: =SUBTOTAL(1,Table15[Loser Score]) -> 344.08333
A29: Total | B29: =SUBTOTAL(9,Table11[Winner Score]) -> 2574.5 | C29: =SUBTOTAL(9,Table11[Loser Score]) -> 2257 | D29: Total | E29: =SUBTOTAL(9,Table614[Winner Score]) -> 2577 | F29: =SUBTOTAL(9,Table614[Loser Score]) -> 2204 | G29: Total | H29: =SUBTOTAL(9,Table13[Winner Score]) -> 2769.5 | I29: =SUBTOTAL(9,Table13[Loser Score]) -> 2023 | J29: Total | K29: =SUBTOTAL(9,Table14[Winner Score]) -> 2857 | L29: =SUBTOTAL(9,Table14[Loser Score]) -> 2042 | M29: Total | N29: =SUBTOTAL(9,Table15[Winner Score]) -> 2743 | O29: =SUBTOTAL(9,Table15[Loser Score]) -> 2064.5
A31: Week 16 | B31: Winner Score | C31: Loser Score | D31: Week 17 | E31: Winner Score | F31: Loser Score | G31: Week 18 | H31: Winner Score | I31: Loser Score | J31: Week 19 | K31: Winner Score | L31: Loser Score | M31: WINNER AVG SCORE | O31: =AVERAGE(B8,E8,H8,K8,N8,B18,E18,H18,K18,N18,B28,E28,H28,K28,N28,B38,E38,H38,K38) -> 450.06579
A32: Matchup 1 | B32: 570 | C32: 478.5 | D32: Matchup 1 | E32: 468.5 | F32: 422 | G32: Matchup 1 | H32: 371.5 | I32: 291.5 | J32: Matchup 1 | K32: 481.5 | L32: 365.5 | M32: LOSER AVG SCORE | O32: =AVERAGE(C8,F8,I8,L8,O8,C18,F18,I18,L18,O18,C28,F28,I28,L28,O28,C38,F38,I38,L38) -> 366.10702
A33: Matchup 2 | B33: 643 | C33: 534 | D33: Matchup 2 | E33: 372.5 | F33: 301.5 | G33: Matchup 2 | H33: 409.5 | I33: 278.5 | J33: Matchup 2 | K33: 521 | L33: 366.5
A34: Matchup 3 | B34: 555 | C34: 510.5 | D34: Matchup 3 | E34: 553 | F34: 432 | G34: Matchup 3 | H34: 394.5 | I34: 350 | J34: Matchup 3 | K34: 373 | L34: 361.5
A35: Matchup 4 | B35: 741.5 | C35: 551.5 | D35: Matchup 4 | E35: 442 | F35: 386.5 | G35: Matchup 4 | H35: 434.5 | I35: 345 | J35: Matchup 4 | K35: 494.5 | L35: 494.5
A36: Matchup 5 | B36: 610.5 | C36: 452.5 | D36: Matchup 5 | E36: 452 | F36: 255 | G36: Matchup 5 | H36: 425.5 | I36: 315.5 | J36: Matchup 5 | K36: 379.5 | L36: 277.5
A37: Matchup 6 | B37: 758 | C37: 585 | D37: Matchup 6 | E37: 460 | F37: 382 | G37: Matchup 6 | H37: 383 | I37: 372.5 | J37: Matchup 6 | K37: 569.5 | L37: 234.5
A38: Average | B38: =SUBTOTAL(1,Table16[Winner Score]) -> 646.33333 | C38: =SUBTOTAL(1,Table16[Loser Score]) -> 518.66667 | D38: Average | E38: =SUBTOTAL(1,Table17[Winner Score]) -> 458 | F38: =SUBTOTAL(1,Table17[Loser Score]) -> 363.16667 | G38: Average | H38: =SUBTOTAL(1,Table61420[Winner Score]) -> 403.08333 | I38: =SUBTOTAL(1,Table61420[Loser Score]) -> 325.5 | J38: Average | K38: =SUBTOTAL(1,Table19[Winner Score]) -> 469.83333 | L38: =SUBTOTAL(1,Table19[Loser Score]) -> 350
A39: Total | B39: =SUBTOTAL(9,Table16[Winner Score]) -> 3878 | C39: =SUBTOTAL(9,Table16[Loser Score]) -> 3112 | D39: Total | E39: =SUBTOTAL(9,Table17[Winner Score]) -> 2748 | F39: =SUBTOTAL(9,Table17[Loser Score]) -> 2179 | G39: Total | H39: =SUBTOTAL(9,Table61420[Winner Score]) -> 2418.5 | I39: =SUBTOTAL(9,Table61420[Loser Score]) -> 1953 | J39: Total | K39: =SUBTOTAL(9,Table19[Winner Score]) -> 2819 | L39: =SUBTOTAL(9,Table19[Loser Score]) -> 2100

Sheet 2023 Scores
A1: Week 1 | B1: Winner Score | C1: Loser Score | D1: Week 2 | E1: Winner Score | F1: Loser Score | G1: Week 3 | H1: Winner Score | I1: Loser Score | J1: Week 4 | K1: Winner Score | L1: Loser Score | M1: Week 5 | N1: Winner Score | O1: Loser Score
A2: Matchup 1 | B2: 724 | C2: 716.5 | D2: Matchup 1 | E2: 521 | F2: 397.5 | G2: Matchup 1 | H2: 457 | I2: 455.5 | J2: Matchup 1 | K2: 462.5 | L2: 438.5 | M2: Matchup 1 | N2: 423.5 | O2: 362
A3: Matchup 2 | B3: 704 | C3: 697 | D3: Matchup 2 | E3: 604.5 | F3: 485.5 | G3: Matchup 2 | H3: 444.5 | I3: 378 | J3: Matchup 2 | K3: 440.5 | L3: 389.5 | M3: Matchup 2 | N3: 510 | O3: 376.5
A4: Matchup 3 | B4: 644.5 | C4: 619.5 | D4: Matchup 3 | E4: 438.5 | F4: 360.5 | G4: Matchup 3 | H4: 441 | I4: 409 | J4: Matchup 3 | K4: 393.5 | L4: 390.5 | M4: Matchup 3 | N4: 506.5 | O4: 439.5
A5: Matchup 4 | B5: 652 | C5: 529 | D5: Matchup 4 | E5: 472 | F5: 384.5 | G5: Matchup 4 | H5: 401 | I5: 351.5 | J5: Matchup 4 | K5: 366 | L5: 354.5 | M5: Matchup 4 | N5: 512 | O5: 321.5
A6: Matchup 5 | B6: 796 | C6: 594 | D6: Matchup 5 | E6: 475 | F6: 361 | G6: Matchup 5 | H6: 504 | I6: 478.5 | J6: Matchup 5 | K6: 458 | L6: 334.5 | M6: Matchup 5 | N6: 409 | O6: 405
A7: Matchup 6 | B7: 756 | C7: 520 | D7: Matchup 6 | E7: 427 | F7: 346.5 | G7: Matchup 6 | H7: 411.5 | I7: 388 | J7: Matchup 6 | K7: 433.5 | L7: 333.5 | M7: Matchup 6 | N7: 432 | O7: 313.5
A8: Average | B8: =SUBTOTAL(1,Table127[Winner Score]) -> 712.75 | C8: =SUBTOTAL(1,Table127[Loser Score]) -> 612.66667 | D8: Average | E8: =SUBTOTAL(1,Table228[Winner Score]) -> 489.66667 | F8: =SUBTOTAL(1,Table228[Loser Score]) -> 389.25 | G8: Average | H8: =SUBTOTAL(1,Table329[Winner Score]) -> 443.16667 | I8: =SUBTOTAL(1,Table329[Loser Score]) -> 410.08333 | J8: Average | K8: =SUBTOTAL(1,Table430[Winner Score]) -> 425.66667 | L8: =SUBTOTAL(1,Table430[Loser Score]) -> 373.5 | M8: Average | N8: =SUBTOTAL(1,Table531[Winner Score]) -> 465.5 | O8: =SUBTOTAL(1,Table531[Loser Score]) -> 369.66667
A9: Total | B9: =SUBTOTAL(9,Table127[Winner Score]) -> 4276.5 | C9: =SUBTOTAL(9,Table127[Loser Score]) -> 3676 | D9: Total | E9: =SUBTOTAL(9,Table228[Winner Score]) -> 2938 | F9: =SUBTOTAL(9,Table228[Loser Score]) -> 2335.5 | G9: Total | H9: =SUBTOTAL(9,Table329[Winner Score]) -> 2659 | I9: =SUBTOTAL(9,Table329[Loser Score]) -> 2460.5 | J9: Total | K9: =SUBTOTAL(9,Table430[Winner Score]) -> 2554 | L9: =SUBTOTAL(9,Table430[Loser Score]) -> 2241 | M9: Total | N9: =SUBTOTAL(9,Table531[Winner Score]) -> 2793 | O9: =SUBTOTAL(9,Table531[Loser Score]) -> 2218
A11: Week 6 | B11: Winner Score | C11: Loser Score | D11: Week 7 | E11: Winner Score | F11: Loser Score | G11: Week 8 | H11: Winner Score | I11: Loser Score | J11: Week 9 | K11: Winner Score | L11: Loser Score | M11: Week 10 | N11: Winner Score | O11: Loser Score
A12: Matchup 1 | B12: 641 | C12: 429.5 | D12: Matchup 1 | E12: 459 | F12: 346.5 | G12: Matchup 1 | H12: 411 | I12: 314 | J12: Matchup 1 | K12: 384 | L12: 315.5 | M12: Matchup 1 | N12: 483 | O12: 338.5
A13: Matchup 2 | B13: 403.5 | C13: 370.5 | D13: Matchup 2 | E13: 422.5 | F13: 318.5 | G13: Matchup 2 | H13: 418 | I13: 385 | J13: Matchup 2 | K13: 443 | L13: 404.5 | M13: Matchup 2 | N13: 403.5 | O13: 367
A14: Matchup 3 | B14: 521 | C14: 414 | D14: Matchup 3 | E14: 468.5 | F14: 426 | G14: Matchup 3 | H14: 501.5 | I14: 482 | J14: Matchup 3 | K14: 427 | L14: 343 | M14: Matchup 3 | N14: 464.5 | O14: 401.5
A15: Matchup 4 | B15: 415 | C15: 356 | D15: Matchup 4 | E15: 474 | F15: 323 | G15: Matchup 4 | H15: 411.5 | I15: 344.5 | J15: Matchup 4 | K15: 437 | L15: 369 | M15: Matchup 4 | N15: 455.5 | O15: 383
A16: Matchup 5 | B16: 455 | C16: 403.5 | D16: Matchup 5 | E16: 468.5 | F16: 452.5 | G16: Matchup 5 | H16: 405.5 | I16: 318 | J16: Matchup 5 | K16: 405.5 | L16: 379.5 | M16: Matchup 5 | N16: 492.5 | O16: 449.5
A17: Matchup 6 | B17: 400 | C17: 328 | D17: Matchup 6 | E17: 488 | F17: 395 | G17: Matchup 6 | H17: 540.5 | I17: 359 | J17: Matchup 6 | K17: 423.5 | L17: 256.5 | M17: Matchup 6 | N17: 325.5 | O17: 292.5
A18: Average | B18: =SUBTOTAL(1,Table632[Winner Score]) -> 472.58333 | C18: =SUBTOTAL(1,Table632[Loser Score]) -> 383.58333 | D18: Average | E18: =SUBTOTAL(1,Table733[Winner Score]) -> 463.41667 | F18: =SUBTOTAL(1,Table733[Loser Score]) -> 376.91667 | G18: Average | H18: =SUBTOTAL(1,Table834[Winner Score]) -> 448 | I18: =SUBTOTAL(1,Table834[Loser Score]) -> 367.08333 | J18: Average | K18: =SUBTOTAL(1,Table935[Winner Score]) -> 420 | L18: =SUBTOTAL(1,Table935[Loser Score]) -> 344.66667 | M18: Average | N18: =SUBTOTAL(1,Table41236[Winner Score]) -> 437.41667 | O18: =SUBTOTAL(1,Table41236[Loser Score]) -> 372
A19: Total | B19: =SUBTOTAL(9,Table632[Winner Score]) -> 2835.5 | C19: =SUBTOTAL(9,Table632[Loser Score]) -> 2301.5 | D19: Total | E19: =SUBTOTAL(9,Table733[Winner Score]) -> 2780.5 | F19: =SUBTOTAL(9,Table733[Loser Score]) -> 2261.5 | G19: Total | H19: =SUBTOTAL(9,Table834[Winner Score]) -> 2688 | I19: =SUBTOTAL(9,Table834[Loser Score]) -> 2202.5 | J19: Total | K19: =SUBTOTAL(9,Table935[Winner Score]) -> 2520 | L19: =SUBTOTAL(9,Table935[Loser Score]) -> 2068 | M19: Total | N19: =SUBTOTAL(9,Table41236[Winner Score]) -> 2624.5 | O19: =SUBTOTAL(9,Table41236[Loser Score]) -> 2232
A21: Week 11 | B21: Winner Score | C21: Loser Score | D21: Week 12 | E21: Winner Score | F21: Loser Score | G21: Week 13 | H21: Winner Score | I21: Loser Score | J21: Week 14 | K21: Winner Score | L21: Loser Score | M21: Week 15 | N21: Winner Score | O21: Loser Score
A22: Matchup 1 | B22: 499.5 | C22: 333.5 | D22: Matchup 1 | E22: 457.5 | F22: 445.5 | G22: Matchup 1 | H22: 391.5 | I22: 307 | J22: Matchup 1 | K22: 687 | L22: 686.5 | M22: Matchup 1 | N22: 431.5 | O22: 410.5
A23: Matchup 2 | B23: 508 | C23: 382 | D23: Matchup 2 | E23: 455 | F23: 442 | G23: Matchup 2 | H23: 556 | I23: 467.5 | J23: Matchup 2 | K23: 657 | L23: 540.5 | M23: Matchup 2 | N23: 449 | O23: 319
A24: Matchup 3 | B24: 529 | C24: 415 | D24: Matchup 3 | E24: 465 | F24: 443.5 | G24: Matchup 3 | H24: 480 | I24: 341.5 | J24: Matchup 3 | K24: 635 | L24: 590 | M24: Matchup 3 | N24: 504 | O24: 287
A25: Matchup 4 | B25: 435 | C25: 286.5 | D25: Matchup 4 | E25: 467 | F25: 364.5 | G25: Matchup 4 | H25: 436 | I25: 344.5 | J25: Matchup 4 | K25: 687.5 | L25: 539.5 | M25: Matchup 4 | N25: 470.5 | O25: 364
A26: Matchup 5 | B26: 432 | C26: 329.5 | D26: Matchup 5 | E26: 536 | F26: 423.5 | G26: Matchup 5 | H26: 436 | I26: 379.5 | J26: Matchup 5 | K26: 606.5 | L26: 605.5 | M26: Matchup 5 | N26: 459.5 | O26: 372.5
A27: Matchup 6 | B27: 444.5 | C27: 351.5 | D27: Matchup 6 | E27: 362.5 | F27: 361 | G27: Matchup 6 | H27: 407.5 | I27: 242.5 | J27: Matchup 6 | K27: 743 | L27: 590.5 | M27: Matchup 6 | N27: 454.5 | O27: 330
A28: Average | B28: =SUBTOTAL(1,Table1137[Winner Score]) -> 474.66667 | C28: =SUBTOTAL(1,Table1137[Loser Score]) -> 349.66667 | D28: Average | E28: =SUBTOTAL(1,Table61438[Winner Score]) -> 457.16667 | F28: =SUBTOTAL(1,Table61438[Loser Score]) -> 413.33333 | G28: Average | H28: =SUBTOTAL(1,Table1339[Winner Score]) -> 451.16667 | I28: =SUBTOTAL(1,Table1339[Loser Score]) -> 347.08333 | J28: Average | K28: =SUBTOTAL(1,Table1440[Winner Score]) -> 669.33333 | L28: =SUBTOTAL(1,Table1440[Loser Score]) -> 592.08333 | M28: Average | N28: =SUBTOTAL(1,Table1541[Winner Score]) -> 461.5 | O28: =SUBTOTAL(1,Table1541[Loser Score]) -> 347.16667
A29: Total | B29: =SUBTOTAL(9,Table1137[Winner Score]) -> 2848 | C29: =SUBTOTAL(9,Table1137[Loser Score]) -> 2098 | D29: Total | E29: =SUBTOTAL(9,Table61438[Winner Score]) -> 2743 | F29: =SUBTOTAL(9,Table61438[Loser Score]) -> 2480 | G29: Total | H29: =SUBTOTAL(9,Table1339[Winner Score]) -> 2707 | I29: =SUBTOTAL(9,Table1339[Loser Score]) -> 2082.5 | J29: Total | K29: =SUBTOTAL(9,Table1440[Winner Score]) -> 4016 | L29: =SUBTOTAL(9,Table1440[Loser Score]) -> 3552.5 | M29: Total | N29: =SUBTOTAL(9,Table1541[Winner Score]) -> 2769 | O29: =SUBTOTAL(9,Table1541[Loser Score]) -> 2083
A31: Week 16 | B31: Winner Score | C31: Loser Score | D31: Week 17 | E31: Winner Score | F31: Loser Score | G31: Week 18 | H31: Winner Score | I31: Loser Score | J31: Week 19 | K31: Winner Score | L31: Loser Score | M31: WINNER AVG SCORE | O31: =AVERAGE(B8,E8,H8,K8,N8,B18,E18,H18,K18,N18,B28,E28,H28,K28,N28,B38,E38,H38,K38) -> 476.36404
A32: Matchup 1 | B32: 479 | C32: 342.5 | D32: Matchup 1 | E32: 373.5 | F32: 303 | G32: Matchup 1 | H32: 373 | I32: 308 | J32: Matchup 1 | K32: 401.5 | L32: 365.5 | M32: LOSER AVG SCORE | O32: =AVERAGE(C8,F8,I8,L8,O8,C18,F18,I18,L18,O18,C28,F28,I28,L28,O28,C38,F38,I38,L38) -> 394.46053
A33: Matchup 2 | B33: 431 | C33: 396.5 | D33: Matchup 2 | E33: 434 | F33: 429 | G33: Matchup 2 | H33: 460 | I33: 459.5 | J33: Matchup 2 | K33: 536 | L33: 418
A34: Matchup 3 | B34: 440 | C34: 264 | D34: Matchup 3 | E34: 402 | F34: 384.5 | G34: Matchup 3 | H34: 484.5 | I34: 328.5 | J34: Matchup 3 | K34: 349.5 | L34: 278.5
A35: Matchup 4 | B35: 413.5 | C35: 405 | D35: Matchup 4 | E35: 469.5 | F35: 208 | G35: Matchup 4 | H35: 532 | I35: 388 | J35: Matchup 4 | K35: 444.5 | L35: 340
A36: Matchup 5 | B36: 407 | C36: 359.5 | D36: Matchup 5 | E36: 584 | F36: 470 | G36: Matchup 5 | H36: 403.5 | I36: 396.5 | J36: Matchup 5 | K36: 450 | L36: 370.5
A37: Matchup 6 | B37: 403.5 | C37: 316 | D37: Matchup 6 | E37: 461 | F37: 402 | G37: Matchup 6 | H37: 432.5 | I37: 354.5 | J37: Matchup 6 | K37: 388.5 | L37: 388.5
A38: Average | B38: =SUBTOTAL(1,Table1642[Winner Score]) -> 429 | C38: =SUBTOTAL(1,Table1642[Loser Score]) -> 347.25 | D38: Average | E38: =SUBTOTAL(1,Table1743[Winner Score]) -> 454 | F38: =SUBTOTAL(1,Table1743[Loser Score]) -> 366.08333 | G38: Average | H38: =SUBTOTAL(1,Table6142044[Winner Score]) -> 447.58333 | I38: =SUBTOTAL(1,Table6142044[Loser Score]) -> 372.5 | J38: Average | K38: =SUBTOTAL(1,Table1945[Winner Score]) -> 428.33333 | L38: =SUBTOTAL(1,Table1945[Loser Score]) -> 360.16667
A39: Total | B39: =SUBTOTAL(9,Table1642[Winner Score]) -> 2574 | C39: =SUBTOTAL(9,Table1642[Loser Score]) -> 2083.5 | D39: Total | E39: =SUBTOTAL(9,Table1743[Winner Score]) -> 2724 | F39: =SUBTOTAL(9,Table1743[Loser Score]) -> 2196.5 | G39: Total | H39: =SUBTOTAL(9,Table6142044[Winner Score]) -> 2685.5 | I39: =SUBTOTAL(9,Table6142044[Loser Score]) -> 2235 | J39: Total | K39: =SUBTOTAL(9,Table1945[Winner Score]) -> 2570 | L39: =SUBTOTAL(9,Table1945[Loser Score]) -> 2161

Sheet Scores Analysis
A1: Weeks | B1: 2024 Scores | C1: 2023 Scores
A2: Week 1 | B2: ='2024 Scores'!B8 -> 300.91667 | C2: ='2023 Scores'!B8 -> 712.75
A3: Week 2 | B3: ='2024 Scores'!E8 -> 435.16667 | C3: ='2023 Scores'!E8 -> 489.66667
A4: Week 3 | B4: ='2024 Scores'!H8 -> 452.16667 | C4: ='2023 Scores'!H8 -> 443.16667
A5: Week 4 | B5: ='2024 Scores'!K8 -> 454.75 | C5: ='2023 Scores'!K8 -> 425.66667
A6: Week 5 | B6: ='2024 Scores'!N8 -> 469.33333 | C6: ='2023 Scores'!N8 -> 465.5
A7: Week 6 | B7: ='2024 Scores'!B18 -> 442.75 | C7: ='2023 Scores'!B18 -> 472.58333
A8: Week 7 | B8: ='2024 Scores'!E18 -> 415.08333 | C8: ='2023 Scores'!E18 -> 463.41667
A9: Week 8 | B9: ='2024 Scores'!H18 -> 434.91667 | C9: ='2023 Scores'!H18 -> 448
A10: Week 9 | B10: ='2024 Scores'!K18 -> 469.5 | C10: ='2023 Scores'!K18 -> 420
A11: Week 10 | B11: ='2024 Scores'!N18 -> 445.91667 | C11: ='2023 Scores'!N18 -> 437.41667
A12: Week 11 | B12: ='2024 Scores'!B28 -> 429.08333 | C12: ='2023 Scores'!B28 -> 474.66667
A13: Week 12 | B13: ='2024 Scores'!E28 -> 429.5 | C13: ='2023 Scores'!E28 -> 457.16667
A14: Week 13 | B14: ='2024 Scores'!H28 -> 461.58333 | C14: ='2023 Scores'!H28 -> 451.16667
A15: Week 14 | B15: ='2024 Scores'!K28 -> 476.16667 | C15: ='2023 Scores'!K28 -> 669.33333
A16: Week 15 | B16: ='2024 Scores'!N28 -> 457.16667 | C16: ='2023 Scores'!N28 -> 461.5
A17: Week 16 | B17: ='2024 Scores'!B38 -> 646.33333 | C17: ='2023 Scores'!B38 -> 429
A18: Week 17 | B18: ='2024 Scores'!E38 -> 458 | C18: ='2023 Scores'!E38 -> 454
A19: Week 18 | B19: ='2024 Scores'!H38 -> 403.08333 | C19: ='2023 Scores'!H38 -> 447.58333
A20: Week 19 | B20: ='2024 Scores'!K38 -> 469.83333 | C20: ='2023 Scores'!K38 -> 428.33333
A21: AVG Winner Score: | B21: =AVERAGE(B2:B20) -> 450.06579 | C21: =AVERAGE(C2:C20) -> 476.36404
A22: AVG Winner Score NO Outliers: | B22: =AVERAGE(B3:B16,B18:B20) -> 447.29412 | C22: =AVERAGE(C3:C14,C16:C20) -> 451.10784
A24: Overall Average Winner Score: | C24: =AVERAGE(B21:C21) -> 463.21491
A25: Overall Average Winner Score NO Outliers: | C25: =AVERAGE(B22:C22) -> 449.20098

Sheet Replacement Level FPts
A2: Number of Players of Fantasy Rosters by Position 2024 | F2: Number of Players of Fantasy Rosters by Position 2023 | K2: AVERAGE Number of Players of Fantasy Rosters by Position | M2: Replacement level (120% roundup)
A3: C | B3: 12 | C3: Hitters | D3: =SUM(B3:B9) -> 164 | F3: C | G3: 13 | H3: Hitters | I3: =SUM(G3:G9) -> 170 | K3: C | L3: =AVERAGE(Table20[[#This Row],[Column2]],Table2023[[#This Row],[Column2]],B14) -> 13.333333 | M3: =ROUNDUP(Table23[[#This Row],[Column2]]*1.2,0) -> 16
A4: 1B | B4: 25 | C4: Pitchers | D4: =SUM(B10:B11) -> 139 | F4: 1B | G4: 22 | H4: Pitchers | I4: =SUM(G10:G11) -> 129 | K4: 1B | L4: =AVERAGE(Table20[[#This Row],[Column2]],Table2023[[#This Row],[Column2]],B15) -> 24 | M4: =ROUNDUP(Table23[[#This Row],[Column2]]*1.2,0) -> 29
A5: 2B | B5: 17 | C5: Total | D5: =SUM(D3:D4) -> 303 | F5: 2B | G5: 23 | H5: Total | I5: =SUM(I3:I4) -> 299 | K5: 2B | L5: =AVERAGE(Table20[[#This Row],[Column2]],Table2023[[#This Row],[Column2]],B16) -> 20 | M5: =ROUNDUP(Table23[[#This Row],[Column2]]*1.2,0) -> 24
A6: 3B | B6: 21 | F6: 3B | G6: 23 | K6: 3B | L6: =AVERAGE(Table20[[#This Row],[Column2]],Table2023[[#This Row],[Column2]],B17) -> 20.666667 | M6: =ROUNDUP(Table23[[#This Row],[Column2]]*1.2,0) -> 25
A7: SS | B7: 23 | F7: SS | G7: 19 | K7: SS | L7: =AVERAGE(Table20[[#This Row],[Column2]],Table2023[[#This Row],[Column2]],B18) -> 21.333333 | M7: =ROUNDUP(Table23[[#This Row],[Column2]]*1.2,0) -> 26
A8: OF | B8: 55 | F8: OF | G8: 56 | K8: OF | L8: =AVERAGE(Table20[[#This Row],[Column2]],Table2023[[#This Row],[Column2]],B19) -> 55 | M8: =ROUNDUP(Table23[[#This Row],[Column2]]*1.2,0) -> 66
A9: DH | B9: 11 | F9: DH | G9: 14 | K9: DH | L9: =AVERAGE(Table20[[#This Row],[Column2]],Table2023[[#This Row],[Column2]],B20) -> 13.666667 | M9: =ROUNDUP(Table23[[#This Row],[Column2]]*1.2,0) -> 17
A10: SP | B10: 112 | F10: SP | G10: 98 | K10: SP | L10: =AVERAGE(Table20[[#This Row],[Column2]],Table2023[[#This Row],[Column2]],B21) -> 104.33333 | M10: =ROUNDUP(Table23[[#This Row],[Column2]]*1.2,0) -> 126
A11: RP | B11: 27 | F11: RP | G11: 31 | K11: RP | L11: =AVERAGE(Table20[[#This Row],[Column2]],Table2023[[#This Row],[Column2]],B22) -> 29 | M11: =ROUNDUP(Table23[[#This Row],[Column2]]*1.2,0) -> 35
A13: Number of Players of Fantasy Rosters by Position 2025 | K13: Hitters | L13: =AVERAGE(I3,D3,D14) -> 168 | M13: =ROUNDUP(Table23[[#This Row],[Column2]]*1.2,0) -> 202
A14: C | B14: 15 | C14: Hitters | D14: =SUM(B14:B20) -> 170 | K14: Pitchers | L14: =AVERAGE(I4,D4,D15) -> 133.33333 | M14: =ROUNDUP(Table23[[#This Row],[Column2]]*1.2,0) -> 160
A15: 1B | B15: 25 | C15: Pitchers | D15: =SUM(B21:B22) -> 132 | K15: Total | L15: =AVERAGE(I5,D5,D16) -> 301.33333 | M15: =ROUNDUP(Table23[[#This Row],[Column2]]*1.2,0) -> 362
A16: 2B | B16: 20 | C16: Total | D16: =SUM(D14:D15) -> 302
A17: 3B | B17: 18
A18: SS | B18: 22
A19: OF | B19: 54
A20: DH | B20: 16
A21: SP | B21: 103
A22: RP | B22: 29
